service_id,service_name,entity_id,service_category,life_events,delivery_channel,target_consumers,enhanced_description,
SVC-IMM-001,Passport Application,DEP-009,immigration_passports_and_travel,"traveling_abroad,coming_to_grenada","office,web_portal",citizen,"Apply for a new Grenadian passport. Process: Submit application with birth certificate, citizenship certificate, photos, and supporting documents. Address: Immigration Department, Ministerial Complex, St. George's. Phone: (473) 440-2113. Web: gov.gd/immigration, rgpf.gd/immigration. SLA: 4-6 weeks standard processing.",
SVC-IMM-002,Passport Renewal,DEP-009,immigration_passports_and_travel,traveling_abroad,"office,web_portal",citizen,"Renew an existing Grenadian passport. Process: Submit renewal application with expired passport, photos, and required documents. Address: Immigration Department, Ministerial Complex, St. George's. Phone: (473) 440-2113. Web: gov.gd/immigration. SLA: 3-4 weeks.",
SVC-IMM-003,Visa / Entry Permit Application,DEP-009,immigration_passports_and_travel,coming_to_grenada,office,visitor,"Apply for or extend visas or entry permits to enter or remain in Grenada. Process: Submit visa application with passport, photos, proof of funds, and travel itinerary. Address: Immigration Department, Ministerial Complex, St. George's. Phone: (473) 440-2113. Web: edcard.gov.gd for online pre-registration.",
SVC-LBR-001,Work Permit Application,DEP-012,business_and_commerce,"coming_to_grenada,starting_work",office,"business,visitor","Apply for a work permit for foreign nationals to work in Grenada. Process: Employer submits application with job offer, qualifications, and supporting documents. Address: Ministry of Labour, Ministerial Complex, St. George's. Phone: (473) 440-2731. SLA: 4-6 weeks processing.",
SVC-TAX-001,Business Registration (Taxpayer Registration Number - TRN),DEP-010,taxation_duties_and_revenue,starting_a_business,"office,web_portal",business,"Register a new business or taxpayer with the Inland Revenue Division to obtain a Taxpayer Registration Number. Process: Complete TRN application form with business registration documents. Address: Inland Revenue Division, Young Street, St. George's. Phone: (473) 440-3556. Web: ird.gd, taxservices.gov.gd. SLA: 5-10 business days.",
SVC-TAX-002,Personal Income Tax Filing,DEP-010,taxation_duties_and_revenue,starting_work,"office,web_portal,email",citizen,"File personal income tax returns with the Inland Revenue Division. Process: Submit annual tax return by March 31 following tax year. Address: Inland Revenue Division, Young Street, St. George's. Phone: (473) 440-3556. Web: taxservices.gov.gd. SLA: Filing deadline March 31.",
SVC-TAX-003,Corporate Income Tax Filing,DEP-010,taxation_duties_and_revenue,starting_a_business,"office,web_portal",business,"File corporate income tax returns with the Inland Revenue Division. Process: Submit annual corporate tax return with financial statements. Address: Inland Revenue Division, Young Street, St. George's. Phone: (473) 440-3556. Web: taxservices.gov.gd. SLA: Filing deadline 3 months after fiscal year end.",
SVC-TAX-004,Tax Clearance Certificate,DEP-010,taxation_duties_and_revenue,"starting_a_business,traveling_abroad","office,web_portal","citizen,business","Apply for a tax clearance certificate for personal or business purposes. Process: Request certificate showing taxes are current. Address: Inland Revenue Division, Young Street, St. George's. Phone: (473) 440-3556. Web: ird.gd. SLA: 3-5 business days.",
SVC-TAX-005,E-User Registration (Tax e-Filing System),DEP-010,taxation_duties_and_revenue,"starting_a_business,starting_work",web_portal,"citizen,business",Register as an e-user to access Grenada's online tax e-filing system through the tax portal. Process: Complete online registration to receive login credentials. Web: taxservices.gov.gd. SLA: Immediate activation upon approval.,
SVC-TAX-006,Property Tax Payment,DEP-010,taxation_duties_and_revenue,buying_property,"office,web_portal","citizen,business","Pay annual property tax using Inland Revenue payment channels including the online tax portal. Process: Pay based on property valuation assessment. Address: Inland Revenue Division, Young Street, St. George's. Phone: (473) 440-3556. Web: my.gov.gd, pay.gov.gd. SLA: Due annually.",
SVC-TAX-007,Vehicle Licence Fee Payment,DEP-010,taxation_duties_and_revenue,buying_a_vehicle,"office,web_portal","citizen,business","Pay annual vehicle licence fees using Inland Revenue payment channels. Process: Pay annual fee based on vehicle type and engine size. Address: Inland Revenue Division, Young Street, St. George's. Phone: (473) 440-3556. Web: my.gov.gd. SLA: Due annually before expiry.",
SVC-TAX-008,Value Added Tax (VAT) Registration,DEP-010,taxation_duties_and_revenue,starting_a_business,"office,web_portal",business,"Register for Value Added Tax (VAT) as required under Grenada's tax laws. Process: Submit VAT registration application when turnover exceeds threshold. Address: Inland Revenue Division, Young Street, St. George's. Phone: (473) 440-3556. Web: ird.gd. SLA: 10-15 business days.",
SVC-TAX-009,VAT Return Filing,DEP-010,taxation_duties_and_revenue,starting_a_business,"office,web_portal",business,"Submit VAT returns and declarations to the Inland Revenue Division. Process: File monthly/quarterly VAT returns with sales and purchases data. Address: Inland Revenue Division, Young Street, St. George's. Phone: (473) 440-3556. Web: taxservices.gov.gd. SLA: 21st of following month.",
SVC-TAX-010,Withholding Tax Filing and Payment,DEP-010,taxation_duties_and_revenue,starting_a_business,"office,web_portal",business,"File and pay withholding tax withheld from relevant payments. Process: Submit withholding tax returns monthly. Address: Inland Revenue Division, Young Street, St. George's. Phone: (473) 440-3556. Web: taxservices.gov.gd.",
SVC-TAX-011,Annual Stamp Tax Filing,DEP-010,taxation_duties_and_revenue,,"office,web_portal",business,"File and pay Annual Stamp Tax where applicable. Process: Submit stamp tax return with applicable documents. Address: Inland Revenue Division, Young Street, St. George's. Phone: (473) 440-3556. Web: ird.gd.",
SVC-TAX-012,Gaming Tax Filing,DEP-010,taxation_duties_and_revenue,starting_a_business,office,business,"File and pay Gaming Tax for licensed gaming activities. Process: Submit gaming tax returns based on gaming revenue. Address: Inland Revenue Division, Young Street, St. George's. Phone: (473) 440-3556.",
SVC-TAX-013,Refreshment House Licence Application,DEP-010,taxation_duties_and_revenue,starting_a_business,office,business,"Apply for a Refreshment House Licence as required under tax and licensing regulations. Process: Submit application with premises details and business plan. Address: Inland Revenue Division, Young Street, St. George's. Phone: (473) 440-3556.",
SVC-TAX-014,Property Transfer Tax Payment,DEP-010,taxation_duties_and_revenue,buying_property,"office,web_portal","citizen,business","Pay Property Transfer Tax when property is transferred in Grenada. Process: Pay tax at time of property transfer with deed. Address: Inland Revenue Division, Young Street, St. George's. Phone: (473) 440-3556. Web: ird.gd.",
SVC-CUS-001,Import Declaration (ASYCUDA),DEP-011,taxation_duties_and_revenue,starting_a_business,"web_portal,office",business,"Submit import declarations for goods entering Grenada via the ASYCUDA World customs system. Process: File Single Administrative Document (SAD) electronically. Address: Customs & Excise Division, Burns Point, The Carenage, St. George's. Web: asycuda.customs.gov.gd, grenadacustoms.com.",
SVC-CUS-002,Export Declaration (ASYCUDA),DEP-011,taxation_duties_and_revenue,starting_a_business,"web_portal,office",business,"Submit export declarations for goods leaving Grenada via the ASYCUDA World customs system. Process: File export declaration electronically with shipping documents. Address: Customs & Excise Division, Burns Point, The Carenage, St. George's. Web: asycuda.customs.gov.gd.",
SVC-CUS-003,Electronic Customs Declaration Services (ASYCUDA World),DEP-011,taxation_duties_and_revenue,starting_a_business,web_portal,business,"Use ASYCUDA World to submit and manage electronic customs declarations and supporting documents. Process: Register as trader and submit declarations online. Web: asycuda.customs.gov.gd. Address: Customs & Excise Division, Burns Point, St. George's.",
SVC-REG-001,Birth Certificate - Copy/Extract,DEP-013,identity_and_civil_registration,"having_a_baby,child_welfare",office,citizen,"Request certified copies or extracts of birth records from the Civil Registry & Deeds. Process: Submit application with ID and payment. Address: Civil Registry & Deeds, Ministry of Health Complex, Tanteen, St. George's. Phone: (473) 440-2737. Email: registrargda@caribsurf.com. Fee: EC $10.00. SLA: 3-5 business days.",
SVC-REG-002,Marriage Certificate - Copy/Extract,DEP-013,identity_and_civil_registration,getting_married,office,citizen,"Request certified copies of marriage records from the Civil Registry & Deeds. Process: Submit application with ID and marriage details. Address: Civil Registry & Deeds, Ministry of Health Complex, Tanteen, St. George's. Phone: (473) 440-2737. Email: registrargda@caribsurf.com. Fee: EC $10.00. SLA: 3-5 business days.",
SVC-REG-003,Death Certificate - Copy/Extract,DEP-013,identity_and_civil_registration,death_and_bereavement,office,citizen,"Request certified copies of death records from the Civil Registry & Deeds. Process: Submit application with deceased's details. Address: Civil Registry & Deeds, Ministry of Health Complex, Tanteen, St. George's. Phone: (473) 440-2737. Email: registrargda@caribsurf.com. Fee: EC $10.00. SLA: 3-5 business days.",
SVC-REG-004,Marriage Licence Application,DEP-001,governance_elections_and_public_administration,getting_married,office,citizen,"Apply to the Cabinet Office for a marriage licence in Grenada. Process: Both parties apply with birth certificates, ID, and affidavits if previously married. Address: Cabinet Office, Ministerial Complex, St. George's. Phone: (473) 440-2737. SLA: 3-7 business days.",
SVC-POL-001,Police Certificate of Character,AGY-002,justice_legal_affairs_and_law_enforcement,"traveling_abroad,starting_work",office,citizen,"Request a police certificate of character from the Royal Grenada Police Force for employment visas or other purposes. Process: Submit application with fingerprints and photos. Address: RGPF Headquarters, Fort George, St. George's. Phone: (473) 440-2112. Web: rgpf.gd. SLA: 7-14 business days.",
SVC-WAT-001,New Water Connection,AGY-012,utilities_and_public_infrastructure,"buying_property,moving_house",office,"citizen,business","Apply to the National Water and Sewerage Authority (NAWASA) for a new domestic or commercial water connection. Process: Submit application with property documents and site plan. Address: NAWASA, Lucas Street, St. George's. Phone: (473) 440-2155. SLA: 14-21 business days.",
SVC-WAT-002,Water Bill Payment,AGY-012,utilities_and_public_infrastructure,,"office,web_portal","citizen,business","Pay water bills through NAWASA's payment channels (office or approved agents and any available online options). Process: Pay monthly water bill at office or authorized agents. Address: NAWASA, Lucas Street, St. George's. Phone: (473) 440-2155.",
SVC-ELC-001,New Electricity Connection,AGY-013,utilities_and_public_infrastructure,"buying_property,moving_house",office,"citizen,business","Apply to Grenada Electricity Services Ltd (GRENLEC) for a new electricity supply connection. Process: Submit application with electrical inspection certificate and property documents. Address: GRENLEC, Dusty Highway, Grand Anse. Phone: (473) 440-2097. Web: grenlec.com. SLA: 7-14 business days.",
SVC-ELC-002,Electricity Bill Payment,AGY-013,utilities_and_public_infrastructure,,"office,web_portal","citizen,business","Pay electricity bills via GRENLEC customer service centres or online payment channels where available. Process: Pay monthly electricity bill. Address: GRENLEC, Dusty Highway, Grand Anse. Phone: (473) 440-2097. Web: grenlec.com.",
SVC-TRM-001,Tour Operator Licence,AGY-010,tourism_culture_and_events,starting_a_business,office,business,"Apply to the Grenada Tourism Authority for a tour operator licence to operate a tourism enterprise. Process: Submit application with business plan and insurance. Address: Grenada Tourism Authority, Burns Point, St. George's. Phone: (473) 440-2279. Email: info@puregrenada.com. Web: puregrenada.com.",
SVC-TRM-002,Hotel / Accommodation Registration,AGY-010,tourism_culture_and_events,starting_a_business,office,business,"Register hotels guest houses and other tourist accommodation facilities with the Grenada Tourism Authority. Process: Submit registration with facility details and inspection. Address: Grenada Tourism Authority, Burns Point, St. George's. Phone: (473) 440-2279. Email: info@puregrenada.com.",
SVC-TRM-003,Tourist Vendor Licence,AGY-010,tourism_culture_and_events,starting_a_business,office,business,"Apply for or renew a tourist vendor's licence in accordance with tourism and beach vending regulations. Process: Submit application with ID and vendor location details. Address: Grenada Tourism Authority, Burns Point, St. George's. Phone: (473) 440-2279.",
SVC-TRM-004,Tourist Guide Licence,AGY-010,tourism_culture_and_events,starting_a_business,office,citizen,"Apply for a Tourist Guide Licence using the official tourism enterprise application form. Process: Complete training and submit application. Address: Grenada Tourism Authority, Burns Point, St. George's. Phone: (473) 440-2279. Email: info@puregrenada.com.",
SVC-TRM-005,Water Sports Services Licence,AGY-010,tourism_culture_and_events,starting_a_business,office,business,"Apply for a Water Sports Services Licence to operate water-based tourism enterprises. Process: Submit application with safety certifications and insurance. Address: Grenada Tourism Authority, Burns Point, St. George's. Phone: (473) 440-2279.",
SVC-AIR-001,Airport Concession / Lease Application,AGY-011,transport_vehicles_and_civil_aviation,starting_a_business,office,business,"Apply to the Grenada Airports Authority for commercial concessions or leases at airports. Process: Submit business proposal and lease application. Address: Grenada Airports Authority, Point Salines International Airport. Phone: (473) 444-4121.",
SVC-NIS-001,NIS Employer Registration,AGY-020,social_protection_and_insurance,starting_a_business,"office,web_portal",business,"Register an employer with the National Insurance Scheme to remit NIS contributions on behalf of employees. Process: Complete employer registration form with business documents. Address: NIS, Melville Street, St. George's. Phone: (473) 440-3309. WhatsApp: 458-6060. Email: nis@nisgrenada.org. Web: nisgrenada.org.",
SVC-NIS-010,NIS Sickness Benefit Claim,AGY-020,social_protection_and_insurance,illness_or_disability,office,citizen,"Submit a claim for Sickness Benefit under the National Insurance Scheme. Process: Submit claim form with medical certificate within 21 days of illness. Address: NIS, Melville Street, St. George's. Phone: (473) 440-3309. Email: nis@nisgrenada.org. Web: nisgrenada.org.",
SVC-NIS-011,NIS Maternity Benefit Claim,AGY-020,social_protection_and_insurance,having_a_baby,office,citizen,"Submit a claim for Maternity Benefit under the National Insurance Scheme. Process: Submit claim with medical certificate confirming pregnancy. Address: NIS, Melville Street, St. George's. Phone: (473) 440-3309. Email: nis@nisgrenada.org. Web: nisgrenada.org.",
SVC-NIS-012,NIS Unemployment Benefit Claim,AGY-020,social_protection_and_insurance,losing_a_job,office,citizen,"Submit a claim for Unemployment Benefit under the National Insurance Scheme. Process: Submit claim with proof of employment termination. Address: NIS, Melville Street, St. George's. Phone: (473) 440-3309. Email: nis@nisgrenada.org. Web: nisgrenada.org.",
SVC-NIS-013,NIS Funeral Benefit Claim,AGY-020,social_protection_and_insurance,death_and_bereavement,office,citizen,"Submit a claim for Funeral Benefit to support funeral expenses. Process: Submit claim with death certificate and funeral receipts. Address: NIS, Melville Street, St. George's. Phone: (473) 440-3309. Email: nis@nisgrenada.org.",
SVC-NIS-014,NIS Age Benefit (Pension) Claim,AGY-020,social_protection_and_insurance,retiring,office,citizen,"Submit a claim for Age/retirement benefit (pension) from the National Insurance Scheme. Process: Apply 3 months before retirement age with contribution history. Address: NIS, Melville Street, St. George's. Phone: (473) 440-3309. Email: nis@nisgrenada.org. Web: nisgrenada.org.",
SVC-NIS-015,NIS Survivors Benefit Claim,AGY-020,social_protection_and_insurance,death_and_bereavement,office,citizen,"Submit a claim for Survivors Benefit for eligible dependants of a deceased insured person. Process: Submit claim with death certificate and proof of relationship. Address: NIS, Melville Street, St. George's. Phone: (473) 440-3309. Email: nis@nisgrenada.org.",
SVC-NIS-016,NIS Employment Injury Benefit Claim,AGY-020,social_protection_and_insurance,illness_or_disability,office,citizen,"Submit a claim for Employment Injury-related benefits under the National Insurance Scheme. Process: Submit claim with employer's injury report and medical certificate. Address: NIS, Melville Street, St. George's. Phone: (473) 440-3309. Email: nis@nisgrenada.org.",
SVC-SOC-001,Support for Education Empowerment and Development (SEED) Cash Transfer,MIN-012,social_protection_cash_transfers,"experiencing_hardship,child_welfare",office,citizen,"Flagship social safety net programme providing regular cash transfers (EC$50-$700/month) to the poorest and most vulnerable households in Grenada, Carriacou and Petite Martinique. Process: Apply through Ministry social worker assessment. Address: Ministry of Social Development, Ministerial Complex West Wing, Tanteen, St. George's. Phone: (473) 440-6037. Email: ministrysod@yahoo.com.",
SVC-SOC-002,Public Assistance (legacy programmes merged into SEED),MIN-012,social_protection_cash_transfers,experiencing_hardship,office,citizen,"Legacy cash assistance schemes such as Public Assistance and related funds that were consolidated under the unified SEED Programme. Process: Contact Ministry for transition to SEED. Address: Ministry of Social Development, Ministerial Complex West Wing, Tanteen, St. George's. Phone: (473) 440-6037.",
SVC-SOC-003,Counselling and Psycho-social Support for Vulnerable Persons,MIN-012,social_protection_and_family_support,"violence_or_abuse,experiencing_hardship",office,citizen,"Counselling and psycho-social support services for survivors of violence, vulnerable households and persons in need, coordinated by Social & Community Development units. Process: Self-referral or agency referral to social worker. Address: Ministry of Social Development, Ministerial Complex West Wing, Tanteen, St. George's. Phone: (473) 440-6037.",
SVC-SOC-004,Social Protection Case Management / Beneficiary Management,MIN-012,social_protection_and_family_support,experiencing_hardship,office,citizen,"Intake assessment and case management service that registers and manages beneficiary households for social safety net programmes such as SEED. Process: Household assessment by trained social worker. Address: Ministry of Social Development, Ministerial Complex West Wing, Tanteen, St. George's. Phone: (473) 440-6037.",
SVC-SOC-005,Senior Citizens / Elderly Support Assistance,DEP-026,social_protection_and_family_support,"retiring,illness_or_disability",office,citizen,"Social protection and support services targeted at elderly and senior citizens including assistance with basic needs and referrals to relevant programmes. Process: Apply through Social Services Department. Address: Social Services Department, Ministerial Complex, St. George's. Phone: (473) 440-6037.",
SVC-SOC-006,Disability Support Grant Application,DEP-026,social_protection_and_family_support,illness_or_disability,office,citizen,"Application for disability-related support or grants managed by Social Services for eligible persons with disabilities. Process: Submit application with medical certification of disability. Address: Social Services Department, Ministerial Complex, St. George's. Phone: (473) 440-6037.",
SVC-SOC-007,Emergency Household Assistance (Shocks and Disasters),DEP-026,social_protection_and_family_support,"disaster_recovery,experiencing_hardship",office,citizen,"Provision of short-term emergency assistance to households affected by shocks disasters or sudden loss of income managed through social services casework. Process: Emergency assessment by social worker. Address: Social Services Department, Ministerial Complex, St. George's. Phone: (473) 440-6037.",
SVC-SOC-008,Gender-Based Violence Response and Referral,DEP-024,social_protection_and_family_support,violence_or_abuse,"office,phone",citizen,"Support and referral services for survivors of gender-based violence including access to shelters counselling and justice-sector referrals. Process: Confidential intake and safety planning. Address: Gender Affairs Division, Ministerial Complex, St. George's. Phone: (473) 440-6037. Crisis Line available.",
SVC-HOU-001,China-aided Low-Income Housing Units - Application,DEP-025,housing_support,"buying_property,experiencing_hardship",office,citizen,"Application for allocation of China-aided low-income housing units through the Housing Division / Housing Authority processes. Process: Submit application with income verification. Address: Housing Division, Ministerial Complex, St. George's. Phone: (473) 440-6037.",
SVC-HOU-002,Soft Loan / Affordable Housing Support,DEP-025,housing_support,buying_property,office,citizen,"Financial housing support such as soft loans or related facilities to assist eligible households to access adequate housing. Process: Apply with income documents and property details. Address: Housing Division, Ministerial Complex, St. George's. Phone: (473) 440-6037.",
SVC-STA-001,Official Statistics / Data Request,DEP-014,statistics_and_data,,"office,email","citizen,business,government_employee","Request official statistics and datasets from the Central Statistical Office via its data request channels. Process: Submit formal data request. Address: Central Statistical Office, Ministerial Complex, St. George's. Phone: (473) 440-1731. Email: stats@gov.gd.",
SVC-STA-002,Statistical Publications & Reports Access,DEP-014,statistics_and_data,,"office,web_portal","citizen,business,government_employee","Access statistical publications bulletins survey reports and census outputs produced by the Central Statistical Office. Process: Download from website or request copies. Address: Central Statistical Office, Ministerial Complex, St. George's. Phone: (473) 440-1731.",
SVC-INV-001,Application for Fiscal / Investment Incentives,AGY-007,investment_and_business_support,starting_a_business,office,business,"Submit applications for fiscal and other investment incentives through the Grenada Investment Development Corporation (GIDC). Process: Submit business plan and investment proposal. Address: GIDC, Frequente, St. George's. Phone: (473) 444-1035. Web: grenadaidc.com.",
SVC-INV-002,Business Development Training Registration,AGY-007,investment_and_business_support,starting_a_business,"office,event",business,"Register for entrepreneurship and business development training programmes offered or coordinated by GIDC. Process: Register for scheduled training sessions. Address: GIDC, Frequente, St. George's. Phone: (473) 444-1035. Web: grenadaidc.com.",
SVC-INV-003,Conference / Meeting Room Booking,AGY-007,investment_and_business_support,,"office,web_portal","business,government_employee","Book conference and meeting rooms managed by GIDC for businesses development partners and government agencies. Process: Submit booking request. Address: GIDC, Frequente, St. George's. Phone: (473) 444-1035.",
SVC-STD-001,Standards Testing and Certification Application,AGY-014,standards_quality_and_safety,starting_a_business,office,business,"Apply to the Grenada Bureau of Standards for testing inspection and certification services that support national quality infrastructure. Process: Submit samples and testing request. Address: Grenada Bureau of Standards, Queen's Park, St. George's. Phone: (473) 440-5886. Web: gnbs.gd.",
SVC-STD-002,Laboratory Testing Services,AGY-014,standards_quality_and_safety,starting_a_business,office,business,"Access laboratory testing services (e.g. analytical chemistry and product quality) provided by the Grenada Bureau of Standards. Process: Submit samples with testing requirements. Address: Grenada Bureau of Standards, Queen's Park, St. George's. Phone: (473) 440-5886.",
SVC-STD-003,Standards Purchase / Access,AGY-014,standards_quality_and_safety,,office,business,"Obtain national and international standards documents through the Grenada Bureau of Standards. Process: Request specific standards documents. Address: Grenada Bureau of Standards, Queen's Park, St. George's. Phone: (473) 440-5886.",
SVC-FIN-REG-001,Licence to Operate Money Services Business,AGY-019,financial_regulation_and_licensing,starting_a_business,office,business,"Apply to GARFIN for a licence to operate a Money Services Business under the Money Services Business Act. Process: Submit comprehensive application with business plan and compliance documentation. Address: GARFIN, Church Street, St. George's. Phone: (473) 440-7989.",
SVC-FIN-REG-002,Insurance Company Licence / Registration,AGY-019,financial_regulation_and_licensing,starting_a_business,office,business,"Apply for authorisation and licensing of insurance companies and pension plans under the Insurance Act supervised by GARFIN. Process: Submit application with capital requirements and actuarial reports. Address: GARFIN, Church Street, St. George's. Phone: (473) 440-7989.",
SVC-FIN-REG-003,Non-Bank Financial Institution Registration,AGY-019,financial_regulation_and_licensing,starting_a_business,office,business,"Register and maintain licences for non-bank financial institutions (e.g. credit unions certain investment entities) supervised by GARFIN. Process: Submit registration with governance documents. Address: GARFIN, Church Street, St. George's. Phone: (473) 440-7989.",
SVC-HE-ENV-001,Food Handler Training & Certification,DEP-017,public_health_and_sanitation,starting_a_business,office,"citizen,business","Attend food handler training and obtain certification and badges from the Environmental Health Department. Process: Complete training course and examination. Address: Environmental Health Department, Ministry of Health Complex, Tanteen. Phone: (473) 440-2255. Fee applies.",
SVC-HE-ENV-002,Food Handler Badge Renewal,DEP-017,public_health_and_sanitation,starting_a_business,office,"citizen,business","Renew existing Food Handler badges issued by the Environmental Health Department. Process: Submit renewal application before expiry. Address: Environmental Health Department, Ministry of Health Complex, Tanteen. Phone: (473) 440-2255.",
SVC-HE-ENV-003,Food Establishment Certification (Fish Processing Facilities),DEP-017,public_health_and_sanitation,starting_a_business,office,business,"Seek certification for fish processing and similar food establishments through application inspection and licensing by the Environmental Health Department. Process: Facility inspection and compliance review. Address: Environmental Health Department, Ministry of Health Complex, Tanteen. Phone: (473) 440-2255.",
SVC-HE-ENV-004,Public Health Inspection Request (Premises or Events),DEP-017,public_health_and_sanitation,starting_a_business,office,business,"Request public health inspections of food premises public events or facilities to ensure compliance with environmental health standards. Process: Submit inspection request. Address: Environmental Health Department, Ministry of Health Complex, Tanteen. Phone: (473) 440-2255.",
SVC-HE-COM-001,Community Health Clinic Appointment / Registration,DEP-019,health_services_and_clinics,illness_or_disability,"office,phone",citizen,Register for or request appointments at community health clinics providing primary healthcare services. Process: Walk-in or call for appointment. Address: Nearest Community Health Centre. Phone: Ministry of Health (473) 440-2255. Services: Free/low-cost primary care.,
SVC-HE-COM-002,Community Health Outreach / Screening Programme Registration,DEP-019,health_services_and_clinics,illness_or_disability,"office,event",citizen,Register individuals or communities to participate in outreach clinics vaccination drives or screening programmes organised by Community Health Services. Process: Register at community health centre or during outreach events. Phone: (473) 440-2255.,
SVC-YTH-001,Community Support Grant Fund - Youth Projects,MIN-004,youth_and_community_development,,office,"citizen,ngo","Apply for Community Support Grant funding for youth-led community projects under the Division of Youth / Ministry of Youth & Sports. Process: Submit project proposal with budget. Address: Ministry of Youth & Sports, Tanteen, St. George's. Phone: (473) 440-2255.",
SVC-YTH-002,Youth Project Proposal Submission & Review,MIN-004,youth_and_community_development,,office,"citizen,student","Submit youth project proposals for review and possible support under Ministry of Youth & Sports programmes. Process: Submit detailed proposal with objectives and outcomes. Address: Ministry of Youth & Sports, Tanteen, St. George's. Phone: (473) 440-2255.",
SVC-AGR-001,Agricultural Land Lease / Tenancy Application,DEP-027,land_administration_and_cadastre,starting_a_business,office,"citizen,business","Apply for the lease or tenancy of agricultural lands managed by the Lands & Survey Division / Ministry of Agriculture & Lands. Process: Submit application with farming proposal. Address: Lands & Survey Division, Ministerial Complex, St. George's. Phone: (473) 440-2731.",
SVC-AGR-002,Survey Plan Request / Cadastral Survey,DEP-027,land_administration_and_cadastre,buying_property,office,"citizen,business","Request cadastral surveys and the preparation of survey plans for parcels of land through the Lands & Survey Division. Process: Submit survey request with property details. Address: Lands & Survey Division, Ministerial Complex, St. George's. Phone: (473) 440-2731. SLA: 7-18 days.",
SVC-AGR-003,Fisheries Vessel Registration & Licensing,DEP-028,fisheries_and_marine_resources,starting_a_business,office,business,"Register fishing vessels and obtain appropriate licences and markings through the Fisheries Division. Process: Submit vessel details and safety documentation. Address: Fisheries Division, Melville Street, St. George's. Phone: (473) 440-3814.",
SVC-AGR-004,Fisherfolk / Fishing Enterprise Registration,DEP-028,fisheries_and_marine_resources,starting_a_business,office,citizen,"Register fishers and fishing enterprises with the Fisheries Division for inclusion in official records and eligibility for support programmes. Process: Complete fisher registration form. Address: Fisheries Division, Melville Street, St. George's. Phone: (473) 440-3814.",
SVC-AGR-005,Forest Produce / Tree Cutting Permit,DEP-029,forestry_and_wildlife_management,,office,"citizen,business","Apply for permits to cut trees or harvest forest produce in accordance with forestry laws and regulations. Process: Submit application with forest location details. Address: Forestry Department, Queen's Park, St. George's. Phone: (473) 440-2934.",
SVC-AGR-006,Co-operative Society Registration,DEP-030,cooperatives_and_producer_organizations,starting_a_business,office,business,"Register new co-operative societies with the Cooperatives Division including submission of required documentation and by-laws. Process: Submit registration with by-laws and member list. Address: Cooperatives Division, Ministerial Complex, St. George's. Phone: (473) 440-2731.",
SVC-AGR-007,Co-operative Society Annual Return Filing,DEP-030,cooperatives_and_producer_organizations,,office,business,"Submit annual returns and required reports for registered co-operative societies to the Cooperatives Division. Process: File annual return with financial statements. Address: Cooperatives Division, Ministerial Complex, St. George's. Phone: (473) 440-2731.",
SVC-AGR-008,Farm Support / Agricultural Assistance Programme Application,MIN-014,agriculture_and_rural_development,starting_a_business,office,"citizen,business","Apply for farm support or agricultural assistance programmes offered under the Ministry of Agriculture & Lands Forestry & Marine Resources (e.g. inputs technical support). Process: Submit application with farm details. Address: Ministry of Agriculture, Ministerial Complex, St. George's. Phone: (473) 440-2731.",
SVC-EDU-001,Regional / External Examination Registration,DEP-021,education_exams_and_assessment,"going_to_school,pursuing_higher_education",office,student,"Register candidates for regional or external examinations administered through the Examinations Unit. Process: School registers students with required fees. Address: Examinations Unit, Ministry of Education, Tanteen. Phone: (473) 440-2737. SLA: Registration deadlines apply.",
SVC-EDU-002,National Examination / Assessment Registration,DEP-021,education_exams_and_assessment,going_to_school,office,student,"Register students for national examinations or assessments coordinated by the Examinations Unit. Process: School submits registration with student details. Address: Examinations Unit, Ministry of Education, Tanteen. Phone: (473) 440-2737.",
SVC-EDU-003,Replacement of Examination Certificates / Statements,DEP-021,education_exams_and_assessment,"going_to_school,pursuing_higher_education",office,student,"Request replacement copies of examination certificates or statements of results through the Examinations Unit. Process: Submit request with ID and fee. Address: Examinations Unit, Ministry of Education, Tanteen. Phone: (473) 440-2737. Fee applies.",
SVC-EDU-004,Government Scholarship Application,DEP-022,education_scholarships_and_financial_aid,pursuing_higher_education,office,student,"Apply for government scholarships or bursaries for tertiary or overseas study coordinated by the Tertiary Education Unit. Process: Submit application with academic records and references. Address: Tertiary Education Unit, Ministry of Education, Tanteen. Phone: (473) 440-2737.",
SVC-EDU-005,Study Leave / Tuition Support Application,DEP-022,education_scholarships_and_financial_aid,pursuing_higher_education,office,"student,government_employee","Apply for study leave or tuition support schemes for eligible students or public officers via the Tertiary Education Unit. Process: Submit application through employer or directly. Address: Tertiary Education Unit, Ministry of Education, Tanteen. Phone: (473) 440-2737.",
SVC-EDU-006,School Transfer Request (Primary / Secondary),DEP-023,education_school_administration,going_to_school,office,student,"Submit requests to transfer students between primary or secondary schools managed by the School Administration Division. Process: Parent submits transfer request through school. Address: School Administration Division, Ministry of Education, Tanteen. Phone: (473) 440-2737.",
SVC-EDU-007,School Placement / Admission Request,DEP-023,education_school_administration,going_to_school,office,student,"Request school placements or admission for students entering the school system or changing schools managed by the School Administration Division. Process: Submit placement request with previous school records. Address: School Administration Division, Ministry of Education, Tanteen. Phone: (473) 440-2737.",
SVC-PLN-001,Building Permit Application,DEP-031,land_use_planning_and_building_control,buying_property,office,"citizen,business","Apply to the Building & Planning Authority for permission to construct extend or modify buildings. Process: Submit building plans with site survey. Address: Physical Planning Unit, Ministerial Complex, St. George's. Phone: (473) 440-2271/2272. Email: ministryofworks@gov.gd. SLA: 6-8 weeks. Dev permit: 90 days.",
SVC-PLN-002,Subdivision / Lot Development Approval,DEP-031,land_use_planning_and_building_control,buying_property,office,business,"Apply for approval to subdivide land or undertake lot development projects. Process: Submit subdivision plan with surveys. Address: Physical Planning Unit, Ministerial Complex, St. George's. Phone: (473) 440-2271/2272. Email: ministryofworks@gov.gd.",
SVC-PLN-003,Change of Use / Planning Permission,DEP-031,land_use_planning_and_building_control,buying_property,office,"citizen,business","Apply for planning permission to change the use of land or buildings in accordance with planning regulations. Process: Submit change of use application. Address: Physical Planning Unit, Ministerial Complex, St. George's. Phone: (473) 440-2271/2272.",
SVC-PLN-004,Certificate of Occupancy Request,DEP-031,land_use_planning_and_building_control,buying_property,office,"citizen,business","Request the issuance of a Certificate of Occupancy for buildings that have been completed and inspected. Process: Request final inspection after construction completion. Address: Physical Planning Unit, Ministerial Complex, St. George's. Phone: (473) 440-2271/2272.",
SVC-EA-001,Public Sector Digital Roadmap Support,AGY-005,enterprise_architecture_services,,"office,email, web_portal",government_employee,"Support ministries and agencies to develop a digital transformation roadmap aligned with Grenada's Enterprise Architecture. Process: Request support through formal engagement. Address: Digital Transformation Agency, St. George's. Email: dta@gov.gd, website: gea.gov.gd",
SVC-EA-002,Grenada EA Framework Review,AGY-005,enterprise_architecture_services,,"office,email, web_portal",government_employee,"Request support to interpret update or extend the Grenada Enterprise Architecture framework for a specific initiative. Process: Submit review request. Address: Digital Transformation Agency, St. George's. Email: dta@gov.gd, website: gea.gov.gd",
SVC-EA-003,Grenada EA Capability Maturity Assessment,AGY-005,enterprise_architecture_services,,"office,email, web_portal",government_employee,"Request an assessment of EA capability and eGovernment maturity for an MDA especially where funding involves digital initiatives. Process: Schedule assessment. Address: Digital Transformation Agency, St. George's. Email: dta@gov.gd, website: gea.gov.gd",
SVC-EA-004,Grenada EA Repository Access,AGY-005,enterprise_architecture_services,,"office,email, web_portal",government_employee,"Request controlled access to Grenada's national EA repository for authorised officers and partners. Process: Submit access request with justification. Web: EA Portal. Email: dta@gov.gd, website: gea.gov.gd, website: gea.gov.gd",
SVC-EA-005,Grenada EA Compliance Review,AGY-005,enterprise_architecture_services,,"office,email, web_portal",government_employee,"Request an EA compliance review of a solution or project against Grenada EA principles standards and guidelines. Process: Submit solution documentation for review. Address: Digital Transformation Agency, St. George's. Email: dta@gov.gd, website: gea.gov.gd",
SVC-EA-006,IT Portfolio Review,AGY-005,enterprise_architecture_services,,"office,email, web_portal",government_employee,"Request a structured review of an MDA's IT portfolio aligned with Grenada EA and digital transformation priorities. Process: Submit portfolio documentation. Address: Digital Transformation Agency, St. George's. Email: dta@gov.gd, website: gea.gov.gd",
SVC-EA-007,Grenada EA Training and Capacity Development,AGY-005,enterprise_architecture_services,,"office,email, web_portal",government_employee,"Request training and capacity development on Grenada EA concepts framework and practical application. Process: Register for training sessions. Address: Digital Transformation Agency, St. George's. Email: dta@gov.gd, website: gea.gov.gd",
SVC-DIG-001,EA Portal Support Request,AGY-005,digital_government_and_ict_services,,"office,email, web_portal",government_employee,"Submit a technical or functional support request related to the Grenada EA Portal. Process: Submit support ticket online. Web: EA Portal. Email: dta@gov.gd, website: gea.gov.gd",
SVC-HE-COM-003,Immunization / Vaccination Services,DEP-019,health_services_and_clinics,"having_a_baby,illness_or_disability",office,citizen,Access immunization and vaccination services for children and adults at community health clinics. Process: Visit community health centre with health card. Address: Nearest Community Health Centre. Phone: Ministry of Health (473) 440-2255. Services: Free vaccinations.,
SVC-HE-COM-004,Maternal and Child Health Services,DEP-019,health_services_and_clinics,having_a_baby,office,citizen,Access antenatal postnatal and child health services provided by Community Health Centres. Process: Register at community health centre during pregnancy. Address: Nearest Community Health Centre. Phone: Ministry of Health (473) 440-2255. Services: Free/low-cost care.,
SVC-HE-COM-005,Chronic Disease Clinic Registration,DEP-019,health_services_and_clinics,illness_or_disability,office,citizen,Register for scheduled chronic disease clinics (hypertension diabetes etc.) at community health facilities. Process: Register with diagnosis and referral. Address: Nearest Community Health Centre. Phone: Ministry of Health (473) 440-2255.,
SVC-HE-COM-006,Home Visiting / District Nursing Services,DEP-019,health_services_and_clinics,illness_or_disability,office,citizen,Request district nursing or home-visiting services for eligible persons in the community health system. Process: Request through community health centre or hospital referral. Phone: Ministry of Health (473) 440-2255.,
SVC-HE-COM-007,Environmental Complaint Submission,DEP-017,public_health_and_sanitation,,"office,phone",citizen,"Submit complaints related to sanitation rodents nuisances or public health hazards for investigation. Process: Submit complaint to Environmental Health. Address: Environmental Health Department, Ministry of Health Complex, Tanteen. Phone: (473) 440-2255.",
SVC-HE-LIC-001,Application for Medical Facility Licence,DEP-017,health_facility_licensing,starting_a_business,office,business,"Apply for approval and licensing of private medical clinics dental clinics diagnostic labs or health facilities. Process: Submit application with facility plans and staff credentials. Address: Ministry of Health, Ministerial Complex, Tanteen. Phone: (473) 440-2255.",
SVC-HE-LIC-002,Health Facility Renewal Inspection,DEP-017,health_facility_licensing,starting_a_business,office,business,"Request renewal inspection and certification for licensed private health facilities. Process: Submit renewal application before licence expiry. Address: Ministry of Health, Ministerial Complex, Tanteen. Phone: (473) 440-2255.",
SVC-SOC-009,Child Protection Case Intake,DEP-024,social_protection_and_family_support,"child_welfare,violence_or_abuse","office,phone",citizen,"Submit requests or referrals for child protection assessments or support. Process: Contact Child Protection Authority directly or through social services. Address: Child Protection Authority, St. George's. Phone: (473) 440-6037. Hotline available.",
SVC-SOC-010,Foster Care Application,DEP-024,social_protection_and_family_support,child_welfare,office,citizen,"Apply to become a foster parent under national foster care programmes. Process: Complete application and home study process. Address: Child Protection Authority, St. George's. Phone: (473) 440-6037.",
SVC-SOC-011,Adoption Application Support Services,DEP-024,social_protection_and_family_support,child_welfare,office,citizen,"Support services for families initiating adoption processes. Process: Consultation and support through adoption process. Address: Child Protection Authority, St. George's. Phone: (473) 440-6037.",
SVC-SOC-012,Home Help / Caregiver Support for Elderly,DEP-026,social_protection_and_family_support,"illness_or_disability,retiring",office,citizen,"Request caregiver or home-help support for elderly or disabled persons in vulnerable households. Process: Submit application with assessment. Address: Social Services Department, Ministerial Complex, St. George's. Phone: (473) 440-6037.",
SVC-SOC-013,Counselling Referral (Court / Police / Community),DEP-026,social_protection_and_family_support,violence_or_abuse,office,citizen,"Referral-based counselling for individuals or families referred through courts police or community services. Process: Referred by court, police or community agency. Address: Social Services Department, Ministerial Complex, St. George's. Phone: (473) 440-6037.",
SVC-SOC-014,Disaster Response Household Assessment,DEP-026,disaster_support_and_assessment,disaster_recovery,office,citizen,"Assessment of households affected by disasters for temporary support programmes. Process: Register with NEMO or social services after disaster declaration. Address: Social Services Department, Ministerial Complex, St. George's. Phone: (473) 440-6037.",
SVC-PLN-005,Electrical Permit Application,DEP-031,land_use_planning_and_building_control,buying_property,office,"citizen,business","Apply for an electrical installation permit for new or existing buildings. Process: Submit electrical plans with licensed electrician certification. Address: Physical Planning Unit, Ministerial Complex, St. George's. Phone: (473) 440-2271/2272.",
SVC-PLN-006,Plumbing / Sewer Connection Permit,DEP-031,land_use_planning_and_building_control,buying_property,office,"citizen,business","Apply for plumbing or sewer connection permits for construction projects. Process: Submit plumbing plans with building permit. Address: Physical Planning Unit, Ministerial Complex, St. George's. Phone: (473) 440-2271/2272.",
SVC-PLN-007,Demolition Permit Application,DEP-031,land_use_planning_and_building_control,,office,"citizen,business","Apply for permission to demolish structures or buildings. Process: Submit demolition application with site details. Address: Physical Planning Unit, Ministerial Complex, St. George's. Phone: (473) 440-2271/2272.",
SVC-PLN-008,Development Control Consultation Request,DEP-031,land_use_planning_and_building_control,buying_property,office,"citizen,business","Request a consultation with the Planning Authority prior to submitting a development application. Process: Schedule pre-application consultation. Address: Physical Planning Unit, Ministerial Complex, St. George's. Phone: (473) 440-2271/2272.",
SVC-SOC-015,Childcare Subsidy Application,DEP-026,social_protection_and_family_support,"having_a_baby,child_welfare",office,citizen,"Apply for childcare subsidy assistance for low-income households. Process: Submit application with income verification. Address: Social Services Department, Ministerial Complex, St. George's. Phone: (473) 440-6037.",
SVC-SOC-016,Household Economic Assessment,DEP-026,social_protection_and_family_support,experiencing_hardship,office,citizen,"Request a socio-economic assessment for placement into social programmes. Process: Social worker conducts household assessment. Address: Social Services Department, Ministerial Complex, St. George's. Phone: (473) 440-6037.",
SVC-SOC-017,Family Support Case Services,DEP-026,social_protection_and_family_support,"experiencing_hardship,child_welfare",office,citizen,"Access casework services for families facing economic or social hardship. Process: Register with social services for case management. Address: Social Services Department, Ministerial Complex, St. George's. Phone: (473) 440-6037.",
SVC-SOC-018,Shelter Placement Request (Emergency),DEP-024,social_protection_and_family_support,violence_or_abuse,"office,phone",citizen,"Request emergency placement in women's or family shelters. Process: Contact social services or crisis hotline. Address: Gender Affairs Division, Ministerial Complex, St. George's. Phone: (473) 440-6037. Crisis Line available.",
SVC-SOC-019,GBV Crisis Intervention Support,DEP-024,social_protection_and_family_support,violence_or_abuse,"office,phone",citizen,"Access crisis intervention for gender-based violence incidents. Process: Contact crisis hotline or walk-in. Address: Gender Affairs Division, Ministerial Complex, St. George's. Phone: (473) 440-6037. 24-hour support available.",
SVC-SOC-020,Parenting Counseling Programme Registration,DEP-026,social_protection_and_family_support,child_welfare,office,citizen,"Register for parenting and family strengthening programmes. Process: Register through social services or community referral. Address: Social Services Department, Ministerial Complex, St. George's. Phone: (473) 440-6037.",
SVC-SOC-021,Youth-at-Risk Intervention Referral,DEP-026,social_protection_and_family_support,child_welfare,office,citizen,"Referral service for youth at risk of violence or exploitation. Process: Referral through school, police or community. Address: Social Services Department, Ministerial Complex, St. George's. Phone: (473) 440-6037.",
SVC-SOC-022,Public Guardian / Court-Mandated Social Reports,DEP-026,social_protection_and_family_support,,office,citizen,"Request preparation of social inquiries or reports mandated by courts. Process: Court orders social investigation. Address: Social Services Department, Ministerial Complex, St. George's. Phone: (473) 440-6037.",
SVC-HE-HOSP-001,Hospital Outpatient Registration,MIN-007,health_services_and_clinics,illness_or_disability,office,citizen,"Register for outpatient visits at public hospitals. Process: Walk-in registration with ID. Address: General Hospital, Grand Etang Road, St. George's. Phone: (473) 440-2051. Fee: Nominal registration fee.",
SVC-HE-HOSP-002,Medical Records / Patient File Request,MIN-007,health_services_and_clinics,illness_or_disability,office,citizen,"Request copies of medical records or imaging reports. Process: Submit written request to Medical Records Department. Address: General Hospital, Grand Etang Road, St. George's. Phone: (473) 440-2051. SLA: 3-5 business days.",
SVC-HE-HOSP-003,Laboratory Test Request (Outpatient Walk-in),MIN-007,health_services_and_clinics,illness_or_disability,office,citizen,"Submit doctor's referral for laboratory testing at public hospitals. Process: Present doctor's referral to lab department. Address: General Hospital, Grand Etang Road, St. George's. Phone: (473) 440-2051.",
SVC-HE-HOSP-004,Radiology Appointment Booking,MIN-007,health_services_and_clinics,illness_or_disability,"office,phone",citizen,"Request X-ray ultrasound or diagnostic imaging appointment. Process: Present referral and schedule appointment. Address: General Hospital, Grand Etang Road, St. George's. Phone: (473) 440-2051.",
SVC-HE-HOSP-005,Hospital Admission Request (Referral Based),MIN-007,health_services_and_clinics,illness_or_disability,office,citizen,"Submit referral documents for hospital admission. Process: Doctor submits admission request with clinical justification. Address: General Hospital, Grand Etang Road, St. George's. Phone: (473) 440-2051.",
SVC-HE-HOSP-006,Ambulance Service Request,MIN-007,health_services_and_clinics,illness_or_disability,phone,citizen,"Request emergency ambulance support or non-emergency transport. Process: Call emergency number or hospital directly. Address: General Hospital, Grand Etang Road, St. George's. Phone: (473) 440-2051. Emergency: 911.",
SVC-HE-HOSP-007,Surgery Scheduling (Referral Based),MIN-007,health_services_and_clinics,illness_or_disability,office,citizen,"Submit referral for scheduling elective surgery at public hospitals. Process: Specialist submits surgery scheduling request. Address: General Hospital, Grand Etang Road, St. George's. Phone: (473) 440-2051.",
SVC-HE-HOSP-008,Pharmacy Prescription Refill Request,MIN-007,health_services_and_clinics,illness_or_disability,office,citizen,"Request medication refill for long-term therapy. Process: Present prescription or refill card at hospital pharmacy. Address: General Hospital Pharmacy, Grand Etang Road, St. George's. Phone: (473) 440-2051.",
SVC-POL-002,Accident Report Request,AGY-002,justice_legal_affairs_and_law_enforcement,,office,citizen,"Request an official copy of a traffic accident report. Process: Submit request with accident details and ID. Address: Traffic Department, RGPF, Point Salines. Phone: (473) 440-3999. Fee applies.",
SVC-POL-003,Incident Report Request,AGY-002,justice_legal_affairs_and_law_enforcement,,office,citizen,Request a police report for insurance legal or administrative purposes. Process: Submit request at police station with incident reference. Address: Nearest Police Station. Phone: RGPF Headquarters (473) 440-2112.,
SVC-POL-004,Firearm Licence Application,AGY-002,justice_legal_affairs_and_law_enforcement,,office,citizen,"Apply for a firearm licence under national regulations. Process: Submit application with background check and justification. Address: RGPF Headquarters, Fort George, St. George's. Phone: (473) 440-2112. SLA: 6-8 weeks processing.",
SVC-POL-005,Firearm Licence Renewal,AGY-002,justice_legal_affairs_and_law_enforcement,,office,citizen,"Renew an existing firearm licence. Process: Submit renewal before expiry with current licence. Address: RGPF Headquarters, Fort George, St. George's. Phone: (473) 440-2112.",
SVC-POL-006,Vehicle Accident Reconstruction Request,AGY-002,justice_legal_affairs_and_law_enforcement,,office,citizen,"Request specialized reconstruction services for major accidents. Process: Request through legal representative or insurance. Address: Traffic Department, RGPF, Point Salines. Phone: (473) 440-3999.",
SVC-POL-007,Noise / Nuisance Complaint Submission,AGY-002,justice_legal_affairs_and_law_enforcement,,"office,phone",citizen,Submit complaints about noise public disturbance or nuisance. Process: Report to nearest police station or call police. Address: Nearest Police Station. Phone: RGPF (473) 440-2112. Emergency: 911.,
SVC-POL-008,Missing Person Report,AGY-002,justice_legal_affairs_and_law_enforcement,,"office,phone",citizen,File a missing person report at the nearest police station. Process: Report immediately at police station with person's details and photo. Address: Nearest Police Station. Phone: RGPF (473) 440-2112. Emergency: 911.,
SVC-POL-009,Event Permission Request (Public Gathering),AGY-002,justice_legal_affairs_and_law_enforcement,,office,"citizen,business","Request permission to host public events/processions requiring police approval. Process: Submit application 14 days before event. Address: RGPF Headquarters, Fort George, St. George's. Phone: (473) 440-2112.",
SVC-TRN-001,Driver's Licence Application (New),DEP-032,transport_vehicles_and_civil_aviation,getting_drivers_license,office,citizen,"Apply for a new driver's licence (theory + road test). Process: Pass theory test, practical driving test with licensed instructor. Address: Licensing Authority, Traffic Department, Point Salines. Phone: (473) 440-3999. Fee: $50.00.",
SVC-TRN-002,Driver's Licence Renewal,DEP-032,transport_vehicles_and_civil_aviation,getting_drivers_license,"office,web_portal",citizen,"Renew a driver's licence based on expiry cycle. Process: Submit renewal with valid ID and fee. Address: Inland Revenue Division, Young Street. Phone: (473) 440-3556. Web: my.gov.gd.",
SVC-TRN-003,Learner's Permit Application,DEP-032,transport_vehicles_and_civil_aviation,getting_drivers_license,office,citizen,"Apply for a learner's permit to practice driving. Process: Pass theory test and vision screening. Address: Licensing Authority, Traffic Department, Point Salines. Phone: (473) 440-3999.",
SVC-TRN-004,Vehicle Registration (New Vehicle),DEP-032,transport_vehicles_and_civil_aviation,buying_a_vehicle,office,"citizen,business","Register new motor vehicles for use on public roads. Process: Submit proof of purchase, customs clearance, insurance. Address: Inland Revenue Division, Young Street. Phone: (473) 440-3556.",
SVC-TRN-005,Vehicle Transfer of Ownership,DEP-032,transport_vehicles_and_civil_aviation,buying_a_vehicle,office,"citizen,business","Transfer vehicle ownership between parties. Process: Both parties sign transfer documents with current registration. Address: Inland Revenue Division, Young Street. Phone: (473) 440-3556.",
SVC-TRN-006,Vehicle Fitness / Roadworthiness Certificate,DEP-032,transport_vehicles_and_civil_aviation,buying_a_vehicle,office,"citizen,business","Conduct vehicle inspection and issue roadworthiness certificate. Process: Vehicle inspection during January-June period. Address: Traffic Department, Point Salines. Phone: (473) 440-3999.",
SVC-TRN-007,Duplicate Registration Certificate Request,DEP-032,transport_vehicles_and_civil_aviation,,office,"citizen,business","Request duplicate registration papers for vehicles. Process: Submit affidavit for lost registration with ID. Address: Inland Revenue Division, Young Street. Phone: (473) 440-3556.",
SVC-TRN-008,Special Permit for Heavy Equipment,DEP-032,transport_vehicles_and_civil_aviation,,office,business,"Apply for a special permit for operating heavy equipment on public roads. Process: Submit application with equipment specifications. Address: Traffic Department, Point Salines. Phone: (473) 440-3999.",
SVC-TRN-009,Route Operators Permit (Public Transport),DEP-032,transport_vehicles_and_civil_aviation,starting_a_business,office,business,"Apply for bus/taxi route permits. Process: Submit application with vehicle fitness and insurance. Address: Traffic Department, Point Salines. Phone: (473) 440-3999.",
SVC-LND-001,State Land Purchase Application,DEP-027,land_administration_and_cadastre,buying_property,office,"citizen,business","Apply to purchase or lease designated state-owned lands through the Lands & Survey Division. Process: Submit application with intended use and financial capability. Address: Lands & Survey Division, Ministerial Complex, St. George's. Phone: (473) 440-2731.",
SVC-LND-002,Boundary Issue / Dispute Investigation Request,DEP-027,land_administration_and_cadastre,buying_property,office,citizen,"Request investigation and review of land boundary issues or disputes. Process: Submit request with survey documents and title. Address: Lands & Survey Division, Ministerial Complex, St. George's. Phone: (473) 440-2731.",
SVC-LND-003,Topographic Survey Request,DEP-027,land_administration_and_cadastre,buying_property,office,"citizen,business","Request official topographic or detailed land surveys from the Lands & Survey Division. Process: Submit survey request with property details. Address: Lands & Survey Division, Ministerial Complex, St. George's. Phone: (473) 440-2731. SLA: 7 days for plot survey.",
SVC-FSH-001,Aquaculture Licence Application,DEP-028,fisheries_and_marine_resources,starting_a_business,office,business,"Apply for a licence to operate aquaculture ponds, tanks or related facilities. Process: Submit application with facility plans and environmental assessment. Address: Fisheries Division, Melville Street, St. George's. Phone: (473) 440-3814.",
SVC-FSH-002,Fishing Gear Licence Application,DEP-028,fisheries_and_marine_resources,starting_a_business,office,citizen,"Apply for a licence for specified categories of fishing gear in marine or inland waters. Process: Submit application with gear specifications. Address: Fisheries Division, Melville Street, St. George's. Phone: (473) 440-3814.",
SVC-FOR-001,Hunting Licence Application,DEP-029,forestry_and_wildlife_management,,office,citizen,"Apply for a hunting licence in accordance with forestry and wildlife regulations. Process: Submit application during hunting season. Address: Forestry Department, Queen's Park, St. George's. Phone: (473) 440-2934.",
SVC-FOR-002,Wildlife Captivity Permit Application,DEP-029,forestry_and_wildlife_management,,office,"citizen,business","Apply for permits to keep, display or rehabilitate wildlife in captivity. Process: Submit application with facility details and animal welfare plan. Address: Forestry Department, Queen's Park, St. George's. Phone: (473) 440-2934.",
SVC-FOR-003,Tree Planting / Reforestation Support Request,DEP-029,forestry_and_wildlife_management,,office,"citizen,business","Request seedlings, technical advice or support for tree planting and reforestation activities. Process: Contact Forestry Department for seedling availability. Address: Forestry Department, Queen's Park, St. George's. Phone: (473) 440-2934.",
SVC-COOP-001,Co-operative Audit Request,DEP-030,cooperatives_and_producer_organizations,,office,business,"Request statutory or special audits for registered co-operative societies. Process: Submit audit request with financial records. Address: Cooperatives Division, Ministerial Complex, St. George's. Phone: (473) 440-2731.",
SVC-COOP-002,Co-operative By-law Amendment Submission,DEP-030,cooperatives_and_producer_organizations,,office,business,"Submit proposed amendments to a co-operative society's by-laws for review and approval. Process: Submit amended by-laws with member resolution. Address: Cooperatives Division, Ministerial Complex, St. George's. Phone: (473) 440-2731.",
SVC-EDU-008,Late Exam Registration,DEP-021,education_exams_and_assessment,going_to_school,office,student,"Submit a late registration request for approved national, regional or international examinations. Process: Submit late registration with penalty fee. Address: Examinations Unit, Ministry of Education, Tanteen. Phone: (473) 440-2737. Additional fee applies.",
SVC-EDU-009,Special Exam Accommodation Request,DEP-021,education_exams_and_assessment,going_to_school,office,student,"Request special examination accommodations (e.g. extra time, separate room) for candidates with approved needs. Process: Submit request with supporting documentation. Address: Examinations Unit, Ministry of Education, Tanteen. Phone: (473) 440-2737.",
SVC-EDU-010,Bursary / Grant Application,DEP-022,education_scholarships_and_financial_aid,pursuing_higher_education,office,student,"Apply for bursaries or grants administered through the Tertiary Education Unit. Process: Submit application with financial need documentation. Address: Tertiary Education Unit, Ministry of Education, Tanteen. Phone: (473) 440-2737.",
SVC-EDU-011,Transcript Request,DEP-022,education_scholarships_and_financial_aid,pursuing_higher_education,office,student,"Request official academic transcripts or statements of results from the Tertiary Education / related authority. Process: Submit request with ID and fee. Address: Tertiary Education Unit, Ministry of Education, Tanteen. Phone: (473) 440-2737. Fee applies.",
SVC-EDU-012,Teacher Registration,DEP-023,education_school_administration,starting_work,office,government_employee,"Register as a teacher within the national education system in accordance with Ministry of Education procedures. Process: Submit application with qualifications and police clearance. Address: Ministry of Education, Tanteen, St. George's. Phone: (473) 440-2737.",
SVC-EDU-013,Teacher Transfer Request,DEP-023,education_school_administration,,office,government_employee,"Request a transfer between schools or education districts for appointed teachers. Process: Submit transfer request through principal to Ministry. Address: Ministry of Education, Tanteen, St. George's. Phone: (473) 440-2737.",
SVC-EDU-014,School Record Request,DEP-023,education_school_administration,going_to_school,office,student,"Request copies of official school records (e.g. attendance, performance summaries) for enrolled or former students. Process: Submit request to school administration. Address: School Administration Division, Ministry of Education, Tanteen. Phone: (473) 440-2737.",
